email,login,password,site
LonnieSJohnson@jourrapide.com,Gulay1939,ahXi8ein6uth,geometrasoldi.com
CatarinaGRitz@teleworm.us,Noweapping,OhQu2keng3Qu,eyeonwisconsin.com
BerniceEPowell@rhyta.com,Ferece,Ooxu1tah,soapandpills.com
DonnaJEldred@dayrep.com,Drut1974,JaeB3eiTh7ai,paintkenai.com
RobinLRomero@teleworm.us,Ambleverce,ohC3puh3,ehkerrgroup.com
AndrewJGonzalez@teleworm.us,Shadeopleil,OoNovo5wu,sobeautifulnews.com
PatriciaGJones@teleworm.us,Forto1976,FiMahL4okie,marathonstartup.com
EdithRWhittaker@teleworm.us,Wase1997,ahTaam6zi,brewerybrief.com
SolomonCPorter@dayrep.com,Weat1934,si9LohSoo,elcambioesahora.com
RobertLBritton@dayrep.com,Hene1984,Ies7eiX1vai,tgguyes.com
AlmaCPrice@jourrapide.com,Hatme1974,kohThoL3f,miamitechscene.com
PerlaAWilson@dayrep.com,Gaince,Aeve2Tei9,activisy.com
EdwardNGrandison@jourrapide.com,Salogned1959,phooC2aiKe,bciasiamacau.com
PaulGBogard@teleworm.us,Reackagots,wae8Pooquoh3Ei,eyesazure.com
EvelynRLane@jourrapide.com,Recke1966,zeid2Rad1uj,gabriellatavani.com
MelissaBWells@rhyta.com,Opme1935,cai5kouW2,purnellgallery.com
DarrellDCorbett@jourrapide.com,Stanter,uo8goor9aiH,vaporflip.com
JamesFMartin@dayrep.com,Uperte,Ereedah5ei,fountainsofrome.com
FabianKEllerman@jourrapide.com,Wharry,Zoong5bahm,bfmasti.com
KelvinASeidel@teleworm.us,Theliand1984,Aej1ooshie6,latenidosnack.com
HeidiJMiller@teleworm.us,Graping,Riegho0soo5,zjrcqroup.com
AmyFRice@dayrep.com,Ficks1950,te5ohL9ouch,notthepta.com
CharlesPJacks@dayrep.com,Caranown,toovoh7Gox,asherray.com
JasonASerrano@armyspy.com,Yousses1985,een4uDi7aek,cpaksa.com
PeggieCWalker@teleworm.us,Aulty1974,aQuahx4oh,priverse.com
LindaSDepaul@jourrapide.com,Imser1992,puFu7uoWa5t,sortefacil.com
DeaneJStubbs@teleworm.us,Faturaved,ooG5eisua,srgery.com
DorisCLofton@armyspy.com,Lialling61,ii7Cao7ie,quickweddingnyc.com
BlaineRMcGray@jourrapide.com,Gaid1938,iaTh1ohm,shauntmdesign.com
KarlMMcCall@armyspy.com,Andetter,shuV0ahsoam,medicalvin.com
AlisonRCooper@teleworm.us,Afearighted,Kahr9ooQu,ReviewCareers.com
AaronLLawrence@dayrep.com,Herthould,cay5yoo3S,onepaycoin.com
WilliamSStack@armyspy.com,Strowd,aiHahthio7po,merpatiairline.com
IreneMBriggs@dayrep.com,Gorn1949,lio0Eem5f,smartuavsa.com
MatthewMMurrill@jourrapide.com,Forether1976,ahzoToh5ka,linaankarbranth.com
ErinJJensen@rhyta.com,Plaragnight,thaeR5Chaij,kyyxfl.com
CynthiaAJohnson@rhyta.com,Sopupose,Oojah0oo,artisansterling.com
MagdalenaRMorgan@rhyta.com,Aten1966,aePhee2ien,fridayspromo.com
AnnetteACowles@dayrep.com,Hoodmine,eiTae0ah,mikeandzo.com
AlanCMcDade@rhyta.com,Cisfole,thaeRoh6ei,cuscodance.com
NatalieGNelson@armyspy.com,Othered,ait5jahL3sh,daylightlights.com
MariaMRodriquez@rhyta.com,Linst1991,reimeaR7,fightforfrank.com
HenryWSlocum@dayrep.com,Youreput1963,PoNg7gooth,freephstock.com
OlgaJAnderson@armyspy.com,Histar1951,eizoW4eiK,wbmtmft.com
GregJVeal@dayrep.com,Vuld1996,tahQuar3lei,cygnusfarmshows.com
YvonneMMilliken@dayrep.com,Remplume,ri0eeBoh,estaffin.com
WalterAGomez@armyspy.com,Null1941,Pae2Iuf5,streethandouts.com
JoseAPinegar@rhyta.com,Topers,fie0Vei8jai,armouronsale.com
DanielHJones@dayrep.com,Thertim,duy0mioNgu7,rayleetraining.com
CharlesAWeingarten@rhyta.com,Liker1977,aiZ5pohto,seafordcentral.com
EulaRChick@dayrep.com,Exubse,ooD1OoZ7,wellnessemall.com
HaroldDThomas@dayrep.com,Bromys,joh2mohTh,highlighlights.com
LaceyKQuiroga@dayrep.com,Untes1996,io6Ci9miegh,resurrough.com
DorotheaFDawson@rhyta.com,Somee1937,bohP1ier7gei,savecharminar.com
LillianLLacy@teleworm.us,Neastathard,yei8Phouv,duyenthienly.com
JadaJWard@armyspy.com,Lauch1985,eidae9muNg,consolecrew.com
HermanCPierce@armyspy.com,Wineve,cohbam5C,blisquisitions.com
JuanitaMStewart@teleworm.us,Ards1990,zeMo4thob8h,cleaningbykathy.com
RobertAHill@teleworm.us,Unpleted,yu1chi6zoaM,yofusa.com
PhilipJRubio@armyspy.com,Ussighboult,ahThoo7kai,lillydelight.com
CharlotteDGwyn@teleworm.us,Mandeproper,Que6Na6eejoh,gothamtea.com
CarolAHall@teleworm.us,Tere1967,Agohngi2,cawtechnical.com
RichardFBailey@teleworm.us,Womustand,Ieteithaeb8,dmentionmedia.com
JonathonMNutt@teleworm.us,Mrstions,aGhah1goh,TrafficKiller.com
RandyCEasley@armyspy.com,Wheroulatis47,xei5ahZei,brpetfood.com
RonaldJSimpson@dayrep.com,Snothe1932,shohZ3eech,wacourtsblog.com
JoseMRodriguez@jourrapide.com,Aftefuld,Ep8av1keeni,hfjauts.com
CraigLKeys@dayrep.com,Beeforgent,ahvohVooqu5O,sreeindustries.com
MarioJDiego@dayrep.com,Ying1945,Phaih5Jee,childinteract.com
RobertHJones@jourrapide.com,Belmorning,iet5oozoR,trainingnursesl.com
MichaelVBartlett@rhyta.com,Expecten1986,oog5iChoo,scampur.com
DanielBGray@teleworm.us,Wiffew33,Au4Ahngie,mylifeafterbeth.com
AidaDWalker@rhyta.com,Yourte,orek4Bequ,blancbeanina.com
ScottEFeltman@armyspy.com,Apee1943,yi7ou2Oof,vectoritor.com
AmeliaSThornton@jourrapide.com,Lefor1961,EeH1Ued5ae,coachjerrywins.com
HollyKBrewer@armyspy.com,Seencent,ohJ7ed5hie,papercardaily.com
AnnieKValentine@dayrep.com,Thety1954,ieLiemohj4oo,sdnholiday.com
ClaudiaATew@teleworm.us,Parmak,Luuxo6aegh,katiastephanou.com
MaryMJamar@jourrapide.com,Tordely,eSh1eejuqu,igotitstore.com
JanieEBrannon@rhyta.com,Fracks,ke3EiG0dai,spiremag.com
JaneGBenjamin@rhyta.com,Donentolon,Neisei1see,printtomotion.com
MaryMSchneider@rhyta.com,Theighly,utah3Ze8Ahroh,rioyiyk.com
PaulCLucas@teleworm.us,Welyine,aaMohK6oocai,sirelid.com
ShariDHanson@jourrapide.com,Hooss1979,AeSh0yie,thessupport.com
MiriamJHensley@rhyta.com,Clowed1955,Jeen4Voa,utsoindia.com
MaryJBurns@rhyta.com,Bage1981,eeNgohN8am,deannafnt.com
BobbieRThelen@jourrapide.com,Alwastion,Daxu7eing9,butiktailor.com
MichelleEDeitz@dayrep.com,Sommor89,Uje0iSha2,propositionyes.com
KarlSNeville@armyspy.com,Solkill,Foak7uw0phie,novelnavi.com
DavidMNumbers@teleworm.us,Exter1941,YoweiTh1,vthighlands.com
WilliePYocum@jourrapide.com,Flosoney,ucooCeej2,firstsightsoap.com
MaryTPritchard@dayrep.com,Nationce1986,phephoeD6,maxionym.com
MarilynWGrigsby@rhyta.com,Derearthe,Zaiy8bak8a,cherubtoolsets.com
MichaelAYoung@dayrep.com,Olecove,eSa6louh9,yzjxahf.com
ShirleyJBoucher@dayrep.com,Grea1995,lah9ooF5Ie,publitesistan.com
MarcusJLinker@rhyta.com,Thentereent,waGufoo0vaf,innovartebr.com
FrankCGroves@teleworm.us,Palk1970,chaiP1mesh,cmlsunny.com
RobertBSeitz@armyspy.com,Iltive79,eogheThaek0,klikseno.com
JohnJWilson@dayrep.com,Wourn1933,oonie7aPuh5,eventsbytina.com
JamesFStone@jourrapide.com,Stes1984,dah5Ieh2jew9,putrajayamadani.com
CharlotteJNettleton@jourrapide.com,Moned1966,aeZieniu5Ph,webinarwonks.com
LulaJRuiz@armyspy.com,Bellork,nooshoG8ib,greycardmanor.com
JesseJLamoureux@rhyta.com,Promple,Coh2RooZ,seoaki.com
